Acadian_Flycatcher:Acadian Flycatcher:Empidonax virescens
Acorn_Woodpecker:Acorn Woodpecker:Melanerpes formicivorus
Alder_Flycatcher:Alder Flycatcher:Empidonax alnorum
Allens_Hummingbird:Allen's Hummingbird:Selasphorus sasin
Altamira_Oriole:Altamira Oriole:Icterus gularis
American_Avocet:American Avocet:Recurvirostra americana
American_Bittern:American Bittern:Botaurus lentiginosus
American_Black_Duck:American Black Duck:Anas rubripes
American_Coot:American Coot:Fulica americana
American_Crow:American Crow:Corvus brachyrhynchos
American_Dipper:American Dipper:Cinclus mexicanus
American_Golden_Plover:American Golden Plover:Pluvialis dominica
American_Goldfinch:American Goldfinch:Spinus tristis
American_Kestrel:American Kestrel:Falco sparverius
American_Oystercatcher:American Oystercatcher:Haematopus palliatus
American_Pipit:Buff-Bellied Pipit:Anthus rubescens
American_Redstart:American Redstart:Setophaga ruticilla
American_Robin:American Robin:Turdus migratorius
American_Three_toed_Woodpecker:American Three-toed Woodpecker:Picoides dorsalis
American_Tree_Sparrow:American Tree Sparrow:Spizella arborea
American_White_Pelican:American White Pelican:Pelecanus erythrorhynchos
American_Wigeon:American Wigeon:Anas americana
American_Woodcock:American Woodcock:Scolopax minor
Anhinga:Anhinga:anhinga
Annas_Hummingbird:Anna's Hummingbird:Calypte anna
Arctic_Tern:Arctic Tern:Sterna paradisaea
Ash_throated_Flycatcher:Ash-throated Flycatcher:Myiarchus cinerascens
Audubons_Oriole:Audubon's Oriole:Icterus graduacauda
Bairds_Sandpiper:Baird's Sandpiper:Calidris bairdii
Bald_Eagle:Bald Eagle:Haliaeetus leucocephalus
Baltimore_Oriole:Baltimore Oriole:Icterus galbula
Band_tailed_Pigeon:Band-tailed Pigeon:Patagioenas fasciata
Barn_Swallow:Barn Swallow:Hirundo rustica
Barred_Owl:Barred Owl:Strix varia
Barrows_Goldeneye:Barrow's Goldeneye:Bucephala islandica
Bay_breasted_Warbler:Bay-breasted Warbler:Setophaga castanea
Bells_Vireo:Bell's Vireo:Vireo bellii
Belted_Kingfisher:Belted Kingfisher:Megaceryle alcyon
Bewicks_Wren:Bewick's Wren:Thryomanes bewickii
Blackburnian_Warbler:Blackburnian Warbler:Setophaga fusca
Blackpoll_Warbler:Blackpoll Warbler:Setophaga striata
Black_and_white_Warbler:Black-and-white Warbler:Mniotilta varia
Black_backed_Woodpecker:Black-backed Woodpecker:Picoides arcticus
Black_bellied_Plover:Grey Plover:Pluvialis squatarola
Black_billed_Cuckoo:Black-billed Cuckoo:Coccyzus erythropthalmus
Black_billed_Magpie:Black-billed Magpie:Pica hudsonia
Black_capped_Chickadee:Black-capped Chickadee:Poecile atricapillus
Black_chinned_Hummingbird:Black-chinned Hummingbird:Archilochus alexandri
Black_chinned_Sparrow:Black-chinned Sparrow:Spizella atrogularis
Black_crested_Titmouse:Black-crested Titmouse:Baeolophus atricristatus
Black_crowned_Night_Heron:Black-crowned Night Heron:Nycticorax nycticorax
Black_Guillemot:Black Guillemot:Cepphus grylle
Black_headed_Grosbeak:Black-headed Grosbeak:Pheucticus melanocephalus
Black_legged_Kittiwake:Black-legged Kittiwake:Rissa tridactyla
Black_necked_Stilt:Black-necked Stilt:Himantopus mexicanus
Black_Oystercatcher:Black Oystercatcher:Haematopus bachmani
Black_Phoebe:Black Phoebe:Sayornis nigricans
Black_Rosy_Finch:Black Rosy Finch:Leucosticte atrata
Black_Scoter:Black Scoter:Melanitta americana
Black_Skimmer:Black Skimmer:Rynchops niger
Black_Tern:Black Tern:Chlidonias niger
Black_throated_Blue_Warbler:Black-throated Blue Warbler:Setophaga caerulescens
Black_throated_Gray_Warbler:Black-throated Gray Warbler:Setophaga nigrescens
Black_throated_Green_Warbler:Black-throated Green Warbler:Setophaga virens
Black_throated_Sparrow:Black-throated Sparrow:Amphispiza bilineata
Black_Turnstone:Black Turnstone:Arenaria melanocephala
Black_Vulture:Black Vulture:Coragyps atratus
Blue_gray_Gnatcatcher:Blue-gray Gnatcatcher:Polioptila caerulea
Blue_Grosbeak:Blue Grosbeak:Passerina caerulea
Blue_headed_Vireo:Blue-headed Vireo:Vireo solitarius
Blue_Jay:Blue Jay:Cyanocitta cristata
Blue_winged_Teal:Blue-winged Teal:Anas discors
Blue_winged_Warbler:Blue-winged Warbler:Vermivora cyanoptera
Boat_tailed_Grackle:Boat-tailed Grackle:Quiscalus major
Bobolink:Bobolink:Dolichonyx oryzivorus
Bohemian_Waxwing:Bohemian Waxwing:Bombycilla garrulus
Bonapartes_Gull:Bonaparte's Gull:Chroicocephalus philadelphia
Boreal_Chickadee:Boreal Chickadee:Poecile hudsonicus
Brandts_Cormorant:Brandt's Cormorant:Phalacrocorax penicillatus
Brant:Brant (Goose):Branta bernicla
Brewers_Blackbird:Brewer's Blackbird:Euphagus cyanocephalus
Brewers_Sparrow:Brewer's Sparrow:Spizella breweri
Bridled_Titmouse:Bridled Titmouse:Baeolophus wollweberi
Broad_billed_Hummingbird:Broad-billed Hummingbird:Cynanthus latirostris
Broad_tailed_Hummingbird:Broad-tailed Hummingbird:Selasphorus platycercus
Broad_winged_Hawk:Broad-winged Hawk:Buteo platypterus
Bronzed_Cowbird:Bronzed Cowbird:Molothrus aeneus
Brown_capped_Rosy_Finch:Brown-capped Rosy Finch:Leucosticte australis
Brown_Creeper:Brown Creeper:Certhia americana
Brown_crested_Flycatcher:Brown-crested Flycatcher:Myiarchus tyrannulus
Brown_headed_Cowbird:Brown-headed Cowbird:Molothrus ater
Brown_headed_Nuthatch:Brown-headed Nuthatch:Sitta pusilla
Brown_Pelican:Brown Pelican:Pelecanus occidentalis
Brown_Thrasher:Brown Thrasher:Toxostoma rufum
Bufflehead:Bufflehead:Bucephala albeola
Bullocks_Oriole:Bullock's Oriole:Icterus bullockii
Burrowing_Owl:Burrowing Owl:Athene cunicularia
Bushtit:American Bushtit:Psaltriparus minimus
Cackling_Goose:Cackling Goose:Branta hutchinsii
Cactus_Wren:Cactus Wren:Campylorhynchus brunneicapillus
California_Gull:California Gull:Larus californicus
California_Quail:California Quail:Callipepla californica
California_Thrasher:California Thrasher:Toxostoma redivivum
California_Towhee:California Towhee:Melozone crissalis
Calliope_Hummingbird:Calliope Hummingbird:Selasphorus calliope
Canada_Goose:Canada Goose:Branta canadensis
Canada_Warbler:Canada Warbler:Cardellina canadensis
Canvasback:Canvasback:Aythya valisineria
Canyon_Towhee:Canyon Towhee:Melozone fusca
Canyon_Wren:Canyon Wren:Catherpes mexicanus
Cape_May_Warbler:Cape May Warbler:Setophaga tigrina
Carolina_Chickadee:Carolina Chickadee:Poecile carolinensis
Carolina_Wren:Carolina Wren:Thryothorus ludovicianus
Caspian_Tern:Caspian Tern:Hydroprogne caspia
Cassins_Finch:Cassin's Finch:Haemorhous cassinii
Cassins_Kingbird:Cassin's Kingbird:Tyrannus vociferans
Cassins_Sparrow:Cassin's Sparrow:Peucaea cassinii
Cassins_Vireo:Cassin's Vireo:Vireo cassinii
Cattle_Egret:Cattle Egret:Bubulcus ibis
Cave_Swallow:Cave Swallow:Petrochelidon fulva
Cedar_Waxwing:Cedar Waxwing:Bombycilla cedrorum
Cerulean_Warbler:Cerulean Warbler:Setophaga cerulea
Chestnut_backed_Chickadee:Chestnut-backed Chickadee:Poecile rufescens
Chestnut_collared_Longspur:Chestnut-collared Longspur:Calcarius ornatus
Chestnut_sided_Warbler:Chestnut-sided Warbler:Setophaga pensylvanica
Chihuahuan_Raven:Chihuahuan Raven:Corvus cryptoleucus
Chimney_Swift:Chimney Swift:Chaetura pelagica
Chipping_Sparrow:Chipping Sparrow:Spizella passerina
Cinnamon_Teal:Cinnamon Teal:Anas cyanoptera
Clapper_Rail:Clapper Rail:Rallus longirostris
Clarks_Grebe:Clark's Grebe:echmophorus clarkii
Clarks_Nutcracker:Clark's Nutcracker:Nucifraga columbiana
Clay_colored_Sparrow:Clay-colored Sparrow:Spizella pallida
Cliff_Swallow:Cliff Swallow:Petrochelidon pyrrhonota
Common_Black_Hawk:Common Black Hawk:Buteogallus anthracinus
Common_Eider:Common Eider:Somateria mollissima
Common_Gallinule:Common Gallinule:Gallinula galeata
Common_Goldeneye:Common Goldeneye:Bucephala clangula
Common_Grackle:Common Grackle:Quiscalus quiscula
Common_Ground_Dove:Common Ground Dove:Columbina passerina
Common_Loon:Common Loon:Gavia immer
Common_Merganser:Common Merganser:Mergus merganser
Common_Murre:Common Murre:Uria aalge
Common_Nighthawk:Common Nighthawk:Chordeiles minor
Common_Raven:Common Raven:Corvus corax
Common_Redpoll:Common Redpoll:Acanthis flammea
Common_Tern:Common Tern:Sterna hirundo
Common_Yellowthroat:Common Yellowthroat:Geothlypis trichas
Connecticut_Warbler:Connecticut Warbler:Oporornis agilis
Coopers_Hawk:Cooper's Hawk:Accipiter cooperii
Cordilleran_Flycatcher:Western Flycatcher:Empidonax occidentalis
Costas_Hummingbird:Costa's Hummingbird:Calypte costae
Couchs_Kingbird:Couch's Kingbird:Tyrannus couchii
Crested_Caracara:Crested Caracara:Caracara cheriway
Curve_billed_Thrasher:Curve-billed Thrasher:Toxostoma curvirostre
Dark_eyed_Junco:Dark-eyed Junco:Junco hyemalis
Dickcissel:Dickcissel:Spiza americana
Double_crested_Cormorant:Double-crested Cormorant:Phalacrocorax auritus
Downy_Woodpecker:Downy Woodpecker:Picoides pubescens
Dunlin:Dunlin:Calidris alpina
Dusky_Flycatcher:American Dusky Flycatcher:Empidonax oberholseri
Dusky_Grouse:Dusky Grouse:Dendragapus obscurus
Eared_Grebe:Black-necked Grebe:Podiceps nigricollis
Eastern_Bluebird:Eastern Bluebird:Sialia sialis
Eastern_Kingbird:Eastern Kingbird:Tyrannus tyrannus
Eastern_Meadowlark:Eastern Meadowlark:Sturnella magna
Eastern_Phoebe:Eastern Phoebe:Sayornis phoebe
Eastern_Screech_Owl:Eastern Screech Owl:Megascops asio
Eastern_Towhee:Eastern Towhee:Pipilo erythrophthalmus
Eastern_Wood_Pewee:Eastern Wood Pewee:Contopus virens
Elegant_Trogon:Elegant Trogon:Trogon elegans
Elf_Owl:Elf Owl:Micrathene whitneyi
Eurasian_Collared_Dove:Eurasian Collared Dove:Streptopelia decaocto
Eurasian_Wigeon:Eurasian Wigeon:Anas penelope
European_Starling:Common Starling:Sturnus vulgaris
Evening_Grosbeak:Evening Grosbeak:Coccothraustes vespertinus
Ferruginous_Hawk:Ferruginous Hawk:Buteo regalis
Ferruginous_Pygmy_Owl:Ferruginous Pygmy Owl:Glaucidium brasilianum
Field_Sparrow:Field Sparrow:Spizella pusilla
Fish_Crow:Fish Crow:Corvus ossifragus
Florida_Scrub_Jay:Florida Scrub Jay:Aphelocoma coerulescens
Forsters_Tern:Forster's Tern:Sterna forsteri
Fox_Sparrow:Fox Sparrow:Passerella iliaca
Franklins_Gull:Franklin's Gull:Leucophaeus pipixcan
Fulvous_Whistling_Duck:Fulvous Whistling Duck:Dendrocygna bicolor
Gadwall:Gadwall:Anas strepera
Gambels_Quail:Gambel's Quail:Callipepla gambelii
Gila_Woodpecker:Gila Woodpecker:Melanerpes uropygialis
Glaucous_Gull:Glaucous Gull:Larus hyperboreus
Glaucous_winged_Gull:Glaucous-winged Gull:Larus glaucescens
Glossy_Ibis:Glossy Ibis:Plegadis falcinellus
Golden_crowned_Kinglet:Golden-crowned Kinglet:Regulus satrapa
Golden_crowned_Sparrow:Golden-crowned Sparrow:Zonotrichia atricapilla
Golden_Eagle:Golden Eagle:Aquila chrysaetos
Golden_fronted_Woodpecker:Golden-fronted Woodpecker:Melanerpes aurifrons
Golden_winged_Warbler:Golden-winged Warbler:Vermivora chrysoptera
Grasshopper_Sparrow:Grasshopper Sparrow:Ammodramus savannarum
Gray_Catbird:Gray Catbird:Dumetella carolinensis
Gray_cheeked_Thrush:Grey-cheeked Thrush:Catharus minimus
Gray_crowned_Rosy_Finch:Gray-crowned Rosy Finch:Leucosticte tephrocotis
Gray_Flycatcher:American Gray Flycatcher:Empidonax wrightii
Gray_Jay:Canada Jay:Perisoreus canadensis
Gray_Kingbird:Gray Kingbird:Tyrannus dominicensis
Greater_Prairie_Chicken:Greater Prairie Chicken:Tympanuchus cupido
Greater_Roadrunner:Greater Roadrunner:Geococcyx californianus
Greater_Sage_Grouse:Greater Sage-Grouse:Centrocercus urophasianus
Greater_Scaup:Greater Scaup:Aythya marila
Greater_White_fronted_Goose:Greater White-fronted Goose:Anser albifrons
Greater_Yellowlegs:Greater Yellowlegs:Tringa melanoleuca
Great_Black_backed_Gull:Great Black-backed Gull:Larus marinus
Great_Blue_Heron:Great Blue Heron:Ardea herodias
Great_Cormorant:Great Cormorant:Phalacrocorax carbo
Great_Crested_Flycatcher:Great Crested Flycatcher:Myiarchus crinitus
Great_Egret:Great Egret:Ardea alba
Great_Gray_Owl:Great Grey Owl:Strix nebulosa
Great_Horned_Owl:Great Horned Owl:Bubo virginianus
Great_Kiskadee:Great Kiskadee:Pitangus sulphuratus
Great_tailed_Grackle:Great-tailed Grackle:Quiscalus mexicanus
Green_Jay:Green Jay:Cyanocorax yncas
Green_tailed_Towhee:Green-tailed Towhee:Pipilo chlorurus
Green_winged_Teal:Green-winged Teal:Anas crecca
Groove_billed_Ani:Groove-billed Ani:Crotophaga sulcirostris
Gull_billed_Tern:Gull-billed Tern:Gelochelidon nilotica
Hairy_Woodpecker:Hairy Woodpecker:Picoides villosus
Hammonds_Flycatcher:Hammond's Flycatcher:Empidonax hammondii
Harlequin_Duck:Harlequin Duck:Histrionicus histrionicus
Harriss_Hawk:Harris's Hawk:Parabuteo unicinctus
Harriss_Sparrow:Harris's Sparrow:Zonotrichia querula
Heermanns_Gull:Heermann's Gull:Larus heermanni
Henslows_Sparrow:Henslow's Sparrow:Ammodramus henslowii
Hepatic_Tanager:Hepatic Tanager:Piranga flava
Hermit_Thrush:Hermit Thrush:Catharus guttatus
Herring_Gull:American Herring Gull:Larus argentatus
Hoary_Redpoll:Arctic Redpoll:Acanthis hornemanni
Hooded_Merganser:Hooded Merganser:Lophodytes cucullatus
Hooded_Oriole:Hooded Oriole:Icterus cucullatus
Hooded_Warbler:Hooded Warbler:Setophaga citrina
Horned_Grebe:Horned Grebe:Podiceps auritus
Horned_Lark:Horned Lark:Eremophila alpestris
House_Finch:House Finch:Haemorhous mexicanus
House_Sparrow:House Sparrow:Passer domesticus
House_Wren:House Wren:Troglodytes aedon
Huttons_Vireo:Hutton's Vireo:Vireo huttoni
Iceland_Gull:Iceland Gull:Larus glaucoides
Inca_Dove:Inca Dove:Columbina inca
Indigo_Bunting:Indigo Bunting:Passerina cyanea
Killdeer:Killdeer:Charadrius vociferus
King_Rail:King Rail:Rallus elegans
Ladder_backed_Woodpecker:Ladder-backed Woodpecker:Picoides scalaris
Lapland_Longspur:Lapland Longspur:Calcarius lapponicus
Lark_Bunting:Lark Bunting:Calamospiza melanocorys
Lark_Sparrow:Lark Sparrow:Chondestes grammacus
Laughing_Gull:Laughing Gull:Leucophaeus atricilla
Lazuli_Bunting:Lazuli Bunting:Passerina amoena
Least_Bittern:Least Bittern:Ixobrychus exilis
Least_Flycatcher:Least Flycatcher:Empidonax minimus
Least_Grebe:Least Grebe:Tachybaptus dominicus
Least_Sandpiper:Least Sandpiper:Calidris minutilla
Least_Tern:Least Tern:Sternula antillarum
Lesser_Goldfinch:Lesser Goldfinch:Spinus psaltria
Lesser_Nighthawk:Lesser Nighthawk:Chordeiles acutipennis
Lesser_Scaup:Lesser Scaup:Aythya affinis
Lesser_Yellowlegs:Lesser Yellowlegs:Tringa flavipes
Lewiss_Woodpecker:Lewis's Woodpecker:Melanerpes lewis
Le_Contes_Sparrow:LeConte's Sparrow:Ammodramus leconteii
Limpkin:Limpkin:Aramus guarauna
Lincolns_Sparrow:Lincoln's Sparrow:Melospiza lincolnii
Little_Blue_Heron:Little Blue Heron:Egretta caerulea
Loggerhead_Shrike:Loggerhead Shrike:Lanius ludovicianus
Long_billed_Curlew:Long-billed Curlew:Numenius americanus
Long_billed_Dowitcher:Long-billed Dowitcher:Limnodromus scolopaceus
Long_billed_Thrasher:Long-billed Thrasher:Toxostoma longirostre
Long_eared_Owl:Long-eared Owl:Asio otus
Long_tailed_Duck:Long-tailed Duck:Clangula hyemalis
Louisiana_Waterthrush:Louisiana Waterthrush:Parkesia motacilla
Magnificent_Frigatebird:Magnificent Frigatebird:Fregata magnificens
Magnolia_Warbler:Magnolia Warbler:Setophaga magnolia
Mallard:Mallard:Anas platyrhynchos
Marbled_Godwit:Marbled Godwit:Limosa fedoa
Marsh_Wren:Marsh Wren:Cistothorus palustris
Merlin:Merlin:Falco columbarius
Mew_Gull:Common Gull:Larus canus
Mexican_Jay:Mexican Jay:Aphelocoma wollweberi
Mississippi_Kite:Mississippi Kite:Ictinia mississippiensis
Monk_Parakeet:Monk Parakeet:Myiopsitta monachus
Mottled_Duck:Mottled Duck:Anas fulvigula
Mountain_Bluebird:Mountain Bluebird:Sialia currucoides
Mountain_Chickadee:Mountain Chickadee:Poecile gambeli
Mountain_Plover:Mountain Plover:Charadrius montanus
Mourning_Dove:Mourning Dove:Zenaida macroura
Mourning_Warbler:Mourning Warbler:Geothlypis philadelphia
Muscovy_Duck:Muscovy Duck:Cairina moschata
Mute_Swan:Mute Swan:Cygnus olor
Nashville_Warbler:Nashville Warbler:Oreothlypis ruficapilla
Nelsons_Sparrow:Nelson's Sparrow:Ammodramus nelsoni
Neotropic_Cormorant:Neotropic Cormorant:Phalacrocorax brasilianus
Northern_Bobwhite:Northern Bobwhite:Colinus virginianus
Northern_Cardinal:Northern Cardinal:Cardinalis cardinalis
Northern_Flicker:Northern Flicker:Colaptes auratus
Northern_Gannet:Northern Gannet:Morus bassanus
Northern_Goshawk:American Goshawk:Accipiter gentilis
Northern_Harrier:Northern Harrier:Circus cyaneus
Northern_Hawk_Owl:Northern Hawk-Owl:Surnia ulula
Northern_Mockingbird:Northern Mockingbird:Mimus polyglottos
Northern_Parula:Northern Parula:Setophaga americana
Northern_Pintail:Northern Pintail:Anas acuta
Northern_Rough_winged_Swallow:Northern Rough-winged Swallow:Stelgidopteryx serripennis
Northern_Saw_whet_Owl:Northern Saw-whet Owl:Aegolius acadicus
Northern_Shrike:Northern Shrike:Lanius excubitor
Northern_Waterthrush:Northern Waterthrush:Parkesia noveboracensis
Nuttalls_Woodpecker:Nuttall's Woodpecker:Picoides nuttallii
Oak_Titmouse:Oak Titmouse:Baeolophus inornatus
Olive_sided_Flycatcher:Olive-sided Flycatcher:Contopus cooperi
Olive_Sparrow:Olive Sparrow:Arremonops rufivirgatus
Orange_crowned_Warbler:Orange-crowned Warbler:Oreothlypis celata
Orchard_Oriole:Orchard Oriole:Icterus spurius
Osprey:Osprey:Pandion haliaetus
Ovenbird:Ovenbird:Seiurus aurocapilla
Pacific_Golden_Plover:Pacific Golden Plover:Pluvialis fulva
Pacific_Loon:Pacific Loon:Gavia pacifica
Pacific_slope_Flycatcher:Western Flycatcher:Empidonax difficilis
Pacific_Wren:Pacific Wren:Troglodytes pacificus
Painted_Bunting:Painted Bunting:Passerina ciris
Painted_Redstart:Painted Redstart:Myioborus pictus
Palm_Warbler:Palm Warbler:Setophaga palmarum
Pectoral_Sandpiper:Pectoral Sandpiper:Calidris melanotos
Peregrine_Falcon:Peregrine Falcon:Falco peregrinus
Phainopepla:Phainopepla:Phainopepla nitens
Philadelphia_Vireo:Philadelphia Vireo:Vireo philadelphicus
Pied_billed_Grebe:Pied-billed Grebe:Podilymbus podiceps
Pigeon_Guillemot:Pigeon Guillemot:Cepphus columba
Pileated_Woodpecker:Pileated Woodpecker:Dryocopus pileatus
Pine_Grosbeak:Pine Grosbeak:Pinicola enucleator
Pine_Siskin:Pine Siskin:Spinus pinus
Pine_Warbler:Pine Warbler:Setophaga pinus
Piping_Plover:Piping Plover:Charadrius melodus
Plumbeous_Vireo:Plumbeous Vireo:Vireo plumbeus
Prairie_Falcon:Prairie Falcon:Falco mexicanus
Prairie_Warbler:Prairie Warbler:Setophaga discolor
Prothonotary_Warbler:Prothonotary Warbler:Protonotaria citrea
Purple_Finch:Purple Finch:Haemorhous purpureus
Purple_Gallinule:American Purple Gallinule:Porphyrio martinicus
Purple_Martin:Purple Martin:Progne subis
Purple_Sandpiper:Purple Sandpiper:Calidris maritima
Pygmy_Nuthatch:Pygmy Nuthatch:Sitta pygmaea
Pyrrhuloxia:Pyrrhuloxia:Cardinalis sinuatus
Reddish_Egret:Reddish Egret:Egretta rufescens
Redhead:Redhead (bird):Aythya americana
Red_bellied_Woodpecker:Red-bellied Woodpecker:Melanerpes carolinus
Red_breasted_Merganser:Red-breasted Merganser:Mergus serrator
Red_breasted_Nuthatch:Red-breasted Nuthatch:Sitta canadensis
Red_breasted_Sapsucker:Red-breasted Sapsucker:Sphyrapicus ruber
Red_cockaded_Woodpecker:Red-cockaded Woodpecker:Picoides borealis
Red_Crossbill:Red Crossbill:Loxia curvirostra
Red_eyed_Vireo:Red-eyed Vireo:Vireo olivaceus
Red_headed_Woodpecker:Red-headed Woodpecker:Melanerpes erythrocephalus
Red_Knot:Red Knot:Calidris canutus
Red_naped_Sapsucker:Red-naped Sapsucker:Sphyrapicus nuchalis
Red_necked_Grebe:Red-necked Grebe:Podiceps grisegena
Red_necked_Phalarope:Red-necked Phalarope:Phalaropus lobatus
Red_Phalarope:Red Phalarope:Phalaropus fulicarius
Red_shouldered_Hawk:Red-shouldered Hawk:Buteo lineatus
Red_tailed_Hawk:Red-tailed Hawk:Buteo jamaicensis
Red_throated_Loon:Red-throated Loon:Gavia stellata
Red_winged_Blackbird:Red-winged Blackbird:Agelaius phoeniceus
Ring_billed_Gull:Ring-billed Gull:Larus delawarensis
Ring_necked_Duck:Ring-necked Duck:Aythya collaris
Ring_necked_Pheasant:Common Pheasant:Phasianus colchicus
Rock_Pigeon:Rock Dove:Columba livia
Rock_Ptarmigan:Rock Ptarmigan:Lagopus muta
Rock_Sandpiper:Rock Sandpiper:Calidris ptilocnemis
Rock_Wren:Rock Wren:Salpinctes obsoletus
Roseate_Tern:Roseate Tern:Sterna dougallii
Rose_breasted_Grosbeak:Rose-breasted Grosbeak:Pheucticus ludovicianus
Rosss_Goose:Ross's Goose:Chen rossii
Rough_legged_Hawk:Rough-legged Buzzard:Buteo lagopus
Royal_Tern:Royal Tern:Thalasseus maximus
Ruby_crowned_Kinglet:Ruby-crowned Kinglet:Regulus calendula
Ruby_throated_Hummingbird:Ruby-throated Hummingbird:Archilochus colubris
Ruddy_Duck:Ruddy Duck:Oxyura jamaicensis
Ruddy_Turnstone:Ruddy Turnstone:Arenaria interpres
Ruffed_Grouse:Ruffed Grouse:Bonasa umbellus
Rufous_crowned_Sparrow:Rufous-crowned Sparrow:Aimophila ruficeps
Rufous_Hummingbird:Rufous Hummingbird:Selasphorus rufus
Rusty_Blackbird:Rusty Blackbird:Euphagus carolinus
Sage_Thrasher:Sage Thrasher:Oreoscoptes montanus
Saltmarsh_Sparrow:Saltmarsh Sparrow:Ammodramus caudacutus
Sanderling:Sanderling:Calidris alba
Sandhill_Crane:Sandhill Crane:Grus canadensis
Sandwich_Tern:Sandwich Tern:Thalasseus sandvicensis
Says_Phoebe:Say's Phoebe:Sayornis saya
Scaled_Quail:Scaled Quail:Callipepla squamata
Scarlet_Tanager:Scarlet Tanager:Piranga olivacea
Scissor_tailed_Flycatcher:Scissor-tailed Flycatcher:Tyrannus forficatus
Scotts_Oriole:Scott's Oriole:Icterus parisorum
Seaside_Sparrow:Seaside Sparrow:Ammodramus maritimus
Sedge_Wren:Sedge Wren:Cistothorus platensis
Semipalmated_Plover:Semipalmated Plover:Charadrius semipalmatus
Semipalmated_Sandpiper:Semipalmated Sandpiper:Calidris pusilla
Sharp_shinned_Hawk:Sharp-shinned Hawk:Accipiter striatus
Sharp_tailed_Grouse:Sharp-tailed Grouse:Tympanuchus phasianellus
Short_billed_Dowitcher:Short-billed Dowitcher:Limnodromus griseus
Short_eared_Owl:Short-eared Owl:Asio flammeus
Snail_Kite:Snail Kite:Rostrhamus sociabilis
Snowy_Egret:Snowy Egret:Egretta thula
Snowy_Owl:Snowy Owl:Bubo scandiacus
Snowy_Plover:Snowy Plover:Charadrius nivosus
Snow_Bunting:Snow Bunting:Plectrophenax nivalis
Snow_Goose:Snow Goose:Chen caerulescens
Solitary_Sandpiper:Solitary Sandpiper:Tringa solitaria
Song_Sparrow:Song Sparrow:Melospiza melodia
Sooty_Grouse:Sooty Grouse:Dendragapus fuliginosus
Sora:Sora (bird):Porzana carolina
Spotted_Owl:Spotted Owl:Strix occidentalis
Spotted_Sandpiper:Spotted Sandpiper:Actitis macularius
Spotted_Towhee:Spotted Towhee:Pipilo maculatus
Spruce_Grouse:Spruce Grouse:Falcipennis canadensis
Stellers_Jay:Steller's Jay:Cyanocitta stelleri
Stilt_Sandpiper:Stilt Sandpiper:Calidris himantopus
Summer_Tanager:Summer Tanager:Piranga rubra
Surfbird:Surfbird:Aphriza virgata
Surf_Scoter:Surf Scoter:Melanitta perspicillata
Swainsons_Hawk:Swainson's Hawk:Buteo swainsoni
Swainsons_Thrush:Swainson's Thrush:Catharus ustulatus
Swallow_tailed_Kite:Swallow-tailed Kite:Elanoides forficatus
Swamp_Sparrow:Swamp Sparrow:Melospiza georgiana
Tennessee_Warbler:Tennessee Warbler:Oreothlypis peregrina
Thayers_Gull:Thayer's Gull:Larus thayeri
Townsends_Solitaire:Townsend's Solitaire:Myadestes townsendi
Townsends_Warbler:Townsend's Warbler:Setophaga townsendi
Tree_Swallow:Tree Swallow:Tachycineta bicolor
Tricolored_Heron:Tricolored Heron:Egretta tricolor
Tropical_Kingbird:Tropical Kingbird:Tyrannus melancholicus
Trumpeter_Swan:Trumpeter Swan:Cygnus buccinator
Tufted_Titmouse:Tufted Titmouse:Baeolophus bicolor
Tundra_Swan:Tundra Swan:Cygnus columbianus
Turkey_Vulture:Turkey Vulture:Cathartes aura
Upland_Sandpiper:Upland Sandpiper:Bartramia longicauda
Varied_Thrush:Varied Thrush:Ixoreus naevius
Veery:Veery:Catharus fuscescens
Verdin:Verdin:Auriparus flaviceps
Vermilion_Flycatcher:Vermilion Flycatcher:Pyrocephalus rubinus
Vesper_Sparrow:Vesper Sparrow:Pooecetes gramineus
Violet_green_Swallow:Violet-green Swallow:Tachycineta thalassina
Virginia_Rail:Virginia Rail:Rallus limicola
Wandering_Tattler:Wandering Tattler:Tringa incana
Warbling_Vireo:Warbling Vireo:Vireo gilvus
Western_Bluebird:Western Bluebird:Sialia mexicana
Western_Grebe:Western Grebe:Aechmophorus occidentalis
Western_Gull:Western Gull:Larus occidentalis
Western_Kingbird:Western Kingbird:Tyrannus verticalis
Western_Meadowlark:Western Meadowlark:Sturnella neglecta
Western_Sandpiper:Western Sandpiper:Calidris mauri
Western_Screech_Owl:Western Screech Owl:Megascops kennicottii
Western_Scrub_Jay:California Scrub Jay:Aphelocoma californica
Western_Tanager:Western Tanager:Piranga ludoviciana
Western_Wood_Pewee:Western Wood Pewee:Contopus sordidulus
Whimbrel:Eurasian Whimbrel:Numenius phaeopus
White_breasted_Nuthatch:White-breasted Nuthatch:Sitta carolinensis
White_crowned_Sparrow:White-crowned Sparrow:Zonotrichia leucophrys
White_eyed_Vireo:White-eyed Vireo:Vireo griseus
White_faced_Ibis:White-faced Ibis:Plegadis chihi
White_headed_Woodpecker:White-headed Woodpecker:Picoides albolarvatus
White_Ibis:American White Ibis:Eudocimus albus
White_rumped_Sandpiper:White-rumped Sandpiper:Calidris fuscicollis
White_tailed_Hawk:White-tailed Hawk:Buteo albicaudatus
White_tailed_Kite:White-tailed Kite:Elanus leucurus
White_tailed_Ptarmigan:White-tailed Ptarmigan:Lagopus leucura
White_throated_Sparrow:White-throated Sparrow:Zonotrichia albicollis
White_throated_Swift:White-throated Swift:Aeronautes saxatalis
White_winged_Crossbill:Two-barred Crossbill:Loxia leucoptera
White_winged_Dove:White-winged Dove:Zenaida asiatica
White_winged_Scoter:White-winged Scoter:Melanitta fusca
Wild_Turkey:Wild Turkey:Meleagris gallopavo
Willet:Willet:Tringa semipalmata
Williamsons_Sapsucker:Williamson's Sapsucker:Sphyrapicus thyroideus
Willow_Flycatcher:Willow Flycatcher:Empidonax traillii
Willow_Ptarmigan:Willow Ptarmigan:Lagopus lagopus
Wilsons_Phalarope:Wilson's Phalarope:Phalaropus tricolor
Wilsons_Plover:Wilson's Plover:Charadrius wilsonia
Wilsons_Snipe:Wilson's Snipe:Gallinago delicata
Wilsons_Warbler:Wilson's Warbler:Cardellina pusilla
Winter_Wren:Winter Wren:Troglodytes hiemalis
Wood_Stork:Wood Stork:Mycteria americana
Wood_Thrush:Wood Thrush:Hylocichla mustelina
Worm_eating_Warbler:Worm-eating Warbler:Helmitheros vermivorum
Wrentit:Wrentit:Chamaea fasciata
Yellow_bellied_Flycatcher:Yellow-bellied Flycatcher:Empidonax flaviventris
Yellow_bellied_Sapsucker:Yellow-bellied Sapsucker:Sphyrapicus varius
Yellow_billed_Cuckoo:Yellow-billed Cuckoo:Coccyzus americanus
Yellow_billed_Magpie:Yellow-billed Magpie:Pica nuttalli
Yellow_breasted_Chat:Yellow-breasted Chat:Icteria virens
Yellow_crowned_Night_Heron:Yellow-crowned Night Heron:Nyctanassa violacea
Yellow_eyed_Junco:Yellow-eyed Junco:Junco phaeonotus
Yellow_headed_Blackbird:Yellow-headed Blackbird:Xanthocephalus xanthocephalus
Yellow_rumped_Warbler:Yellow-rumped Warbler:Setophaga coronata
Yellow_throated_Vireo:Yellow-throated Vireo:Vireo flavifrons
Yellow_throated_Warbler:Yellow-throated Warbler:Setophaga dominica
Yellow_Warbler:Yellow Warbler:Setophaga petechia
Zone_tailed_Hawk:Zone-tailed Hawk:Buteo albonotatus